{
  "title": "DecisionRequest",
  "description": "Decision Request",
  "type": "object",
  "properties": {
    "account_id": {
      "description": "account id",
      "type": "string",
      "pattern": "^[0-9]+$",
      "minLength": 1,
      "maxLength": 16
    },
    "amount": {
      "description": "Amount",
      "type": "string",
      "pattern": "^[0-9]+$",
      "minLength": 1,
      "maxLength": 16
    },
    "credit_score": {
      "description": "credit score",
      "type": "string",
      "pattern": "^[0-9]",
      "minLength": 3,
      "maxLength": 3
    },
    "decision": {
      "description": "Decision",
      "type": "boolean"
    },
    "reason": {
      "description": "Reason for decision",
      "type": "string",
      "minLength": 1
    }
  },
  "required": [
    "account_id",
    "amount"
  ]
}