{
  "title": "Account",
  "description": "An account",
  "type": "object",
  "properties": {
    "account_id": {
      "description": "account id",
      "type": "string",
      "pattern": "^[0-9]+$",
      "minLength": 1,
      "maxLength": 16
    },
    "first_name": {
      "description": "Account holder first name",
      "type": "string",
      "minLength": 1
    },
    "last_name": {
      "description": "Account holder last name",
      "type": "string",
      "minLength": 1
    }
  },
  "required": [
    "first_name",
    "last_name"
  ]
}